male,supplemental_o2_duration,hospital_stay,sga,m24_ec_ss,m24_cong_ss,m24_rc_ss,m24_fm_ss,m24_gm_ss,m_chat_rf_r,m_chat_rf_f
0.00037309497442386975,0.0006974107472446315,0.001115329852871378,1.7138638401098394e-05,-0.0012524389600801513,-0.0024402784369561745,-0.0018404260929177894,0.0017244106945103574,-0.0008186995728523976,-0.014268575647313146,-0.0032405210146074226
-0.0003442109754402156,-5.393277818527468e-06,-0.00014645745542755443,2.516862981981666e-06,-0.0007028040250631556,-0.0031285805372184045,-0.004709290340519566,0.0006841073286255979,-0.0008267295642710943,-0.008230621353544926,-0.002526091479579884
0.0003981437536254734,0.00014238253440911086,-2.109370880135244e-05,0.0,-0.0003651848336233668,-0.0002887201392184816,-0.001700680272108846,0.001116648209671456,-0.001231345251278803,-0.01506618151136419,-0.0029175235985867513
-0.00013950611957256676,0.001752335888548513,0.0014913012421318033,2.2651766837813067e-05,-0.001551466252462925,-0.0034288063357830784,-0.004169722857430493,0.0008809020436927383,-0.0011111350812347493,-0.01130335150268702,-0.002376757609315782
-0.0005734852080367056,-0.0006763170384432807,-0.0005115224384327369,0.0,-0.0003203607024204974,-0.0002623530032167927,-0.0029267520961873067,0.0007659653008490168,-0.0008450667088540851,-0.011683277962347699,-0.002900384960185659
-0.0005708484944365355,-0.0005787586352370397,-0.0007989242208511288,0.0,-5.537098560354429e-05,-0.001638717502504876,-0.0016822232769076626,0.0007593735168485939,-0.000645994832041344,-0.011716236882349807,-0.0030058535041924024
0.0003229974160206632,0.0025338817697621633,0.0012471655328798116,2.6367136001687373e-05,-0.001439645625692131,-0.0010019511680641239,-0.0017283657649106148,0.0011179665664715448,-0.0007395981648473339,-0.017555239149923494,-0.002717133364973919
0.00010283183040657763,0.00035595633602277763,0.0009057111216579651,2.50487792016059e-05,-0.0019023888625217464,-0.004334757158677418,-0.00418841955386805,0.0009597637504614185,-0.0004719717344302057,-0.009368243421399544,-0.0020170859041291275
-0.000776632005867889,0.0005878672822194355,0.00044812146141049613,-0.0037534816604583928,-9.240482662409494e-05,0.00011325883418906485,-0.0037112942428557,0.0005746837142185945,-0.0015188668843153892,-0.00931035557281402,-0.002494450916377851
-0.0008542952064546807,0.0024534620049570174,0.00044824131202868397,2.1093708801348977e-05,0.0001054685440067517,4.218741760269235e-05,-0.002184517217739811,0.0005339345040341692,-0.0019907187681274014,-0.014446553815324538,-0.004061857301059978
0.000308495491219735,0.0005022939408321418,2.636713600166911e-06,0.0,-0.001070505721668505,-0.00365184833623371,-0.003700627537836837,0.0008925275536571163,-0.00038627854242472275,-0.010541580973474634,-0.002288667404946501
-0.0006048860700023519,0.004452330615121308,0.0032869032038467185,7.934110924143732e-05,-0.0006721222668066515,-0.0003003456491828631,-0.0037755341742052692,0.001082610634105645,-0.0026957999549361653,-0.016454171520616664,-0.00433188074384089
0.0004891103728312957,0.002628803459368243,0.0017705531825133148,4.482413120287237e-05,-0.0002768549280177183,-0.00015952117281021588,-0.003915519696250593,0.00219638242894056,-0.00212519116173601,-0.01730475135790746,-0.0032813900754100345
-0.00816674097404996,-0.039966825348885224,-0.04494889569640405,0.0012067758745499665,0.0029707372730628664,0.003498079993096618,0.028585091541902218,-0.00912123129731102,0.0069060323213147555,0.022121188151088506,0.016982233344359575
0.0002518061488161099,-0.0005800769920371242,-0.00031772398882033394,0.0,-0.0009624004640615903,-0.0006103991984390643,-0.003742814955439533,0.00086616041765543,-0.0010770975056689335,-0.011134841533512603,-0.0026261667457681027
0.0002452143648156906,0.0001661129568106288,-4.2187417602701254e-05,0.0,1.582028160101725e-05,2.768549280176949e-05,-0.0027210884353741477,0.0011219216368717933,-0.00015820281601012536,-0.016674576807467135,-0.0019142540737225391
-0.00045195668119256367,0.0010140560805012577,0.00072269922768261,1.60599828373936e-05,-0.0006470734876050407,0.00012416524044430558,-0.0033971657725810527,0.0013897877685253037,0.0001057082452431241,-0.01669147574463185,-0.0021183596764992353
-0.0005390880806163237,0.0005208707866515166,0.0002743380650357374,1.857684581937171e-05,-0.000693335826226186,-0.002156711874319846,-0.002760519288758491,0.00028356656263632936,-0.0008963627734391834,-0.010729986145268511,-0.003254903088790159
-0.00391887551355991,-0.07508641229571483,-0.05853707938425557,0.0016089945491938758,0.011871083881050706,0.015160384097261231,0.03872469354196943,-0.03267355568020023,0.016300762729334208,0.06176957040744429,0.004846878850201047
-0.0006684068976427794,0.00030585877761957106,-9.887676000632775e-05,0.0,-0.00018588830881189518,-0.00023862258081527618,-0.002976849654590515,0.0007356430944470784,-0.0009571270368612576,-0.012798607815219075,-0.0030506776353952728
-0.0003651848336233749,-0.0008160628592522224,-0.0007672836576491011,0.0,0.0001502926752096216,0.00026498971681695105,-0.000631492907240421,0.0013539524336866433,0.000243896008015608,-0.01751437008912087,-0.00185229130411858
0.0005167958656330682,0.003477825238622578,0.002250435057744023,5.405262880346555e-05,-0.000307177134419658,-2.5048779201611896e-05,-0.0008740705584559476,0.001203659758477026,-0.0008859357696567008,-0.021934820439803777,-0.0034092706850182113
-0.0003546379792227013,0.0018773400833201471,0.0021199177345356665,1.9775352001267787e-05,-0.0015029267520961817,-0.002021040974529345,-0.004988662131519267,0.0010955545008701105,-0.0014726045456942482,-0.011513209935136812,-0.0031930601698043834
0.00037309497442386986,0.0011548805568739051,0.0007672836576491003,1.8456995201186215e-05,2.3730422401521643e-05,0.00046669830722986447,-0.0016743131361071548,0.0019063439329219944,-0.000924168116859145,-0.01942994251964347,-0.0026156198913674204
-0.0008699956374374988,0.0019684265531441578,0.0015900581515199425,4.2307268220891955e-05,0.00016623280742881932,0.0005630582042542081,-0.0006406015542228255,0.001189277684294291,-0.0009649173270435729,-0.01944827966422646,-0.003529121303207698
-0.0004889905222131197,0.0005920620538560702,0.0005511929930534533,4.074921018446543e-06,-9.743855258805342e-05,-1.4382074182743956e-05,-0.001865355021501202,0.00102975651148408,-0.0016082754454847428,-0.015031784383943812,-0.0030044152967741225
0.0006987291040447131,0.001088962716869689,0.0009188946896588085,5.537098560354808e-05,1.3183568000846433e-05,0.0003414544112218468,-0.0016242155777039505,0.0020895955281337235,-0.00011997046880768033,-0.020806307018931557,-0.002589252755365732
0.004285977957074377,0.008735432157359191,0.014130148183304408,0.002155513368138004,0.006827769867637056,-0.02950746189948858,0.05288324632178469,-0.15475794969150528,0.04695459579180521,0.009563360227812212,0.018795812898802965
-0.00041408388584468725,0.0015911368070836449,0.0013419673718676984,2.2292214983248505e-05,-0.0006751185322613825,-0.00032179890983877944,-0.0034027987516359564,0.0010084231014463498,-0.0011088579194891476,-0.015565958589214364,-0.002408757724372372
-0.0002714616501991923,0.0009717488122803701,0.0007173059498640847,8.02999141869379e-06,-0.0011007080774522564,-0.0027578825751583182,-0.0029042201799676847,0.0008979208314756452,-0.0011283935702540336,-0.011967923180547733,-0.002397971168735323
-0.0005022939408321487,-0.0004996572272319791,-0.0004113273216263214,0.0,-0.0007910140800506229,-0.0005312977904340062,-0.00295180087538891,0.0005879871328376259,-0.0009571270368612552,-0.011382692611928463,-0.0024943310657596675
-0.0005550282128355263,0.0008081527184517185,0.0004495596688287686,0.0,-0.00018061488161155161,0.0004957021568317182,-0.0007593735168486057,0.0011430153456731453,-0.0008200179296524792,-0.0182210093339661,-0.0022939408321468353
0.00018852502241206012,-0.0019393028529241078,-0.001330222011285128,0.0,-0.0005009755840320582,-0.0005036122976322364,-0.0016215788641037812,0.0005088857248325647,-0.0003546379792226985,-0.01216447819437849,-0.00221615778094187
0.0002030269472129863,-0.00039418868322522673,-0.0002887201392184775,0.0,-0.0018773400833201432,-0.0010625955808680036,-0.0038746506354479736,0.0013526340768865628,-0.00042846596002742485,-0.011208669514317324,-0.0023545852449507222
-0.00037968675842430243,0.0018826135105204863,0.0013499973632863913,3.032220640193996e-05,-0.00043373938722775874,-0.001843062806517953,-0.0019801719137267294,0.0007541000896482558,-0.000738279808047251,-0.015296893951378962,-0.003278753361809862
0.0001934388977578295,0.0018427032546633844,0.0029540780371345074,8.137856975066258e-05,-0.001387270905543328,-0.0045750576481473435,-0.0032698844160638156,0.0012520794082255839,-0.001306851140738181,-0.012439055960650612,-0.003279112913664433
0.0004759268048304513,0.0024560987185571924,0.0022412065601434346,5.932605600379693e-05,-0.00013842746400886087,0.00014897431840952332,-0.0018180140273163583,0.0020698201761324615,6.459948320413e-05,-0.021793756262194746,-0.0036993091810367702
-0.0003256341296208444,0.0006631334704424387,0.0010335917312661424,3.955070400255402e-06,-0.0010243632336655528,-0.0018786584401202285,-0.004250382323472017,0.0009637188208616734,-0.00028080999841797555,-0.012429467911195457,-0.0024086378737541783
-0.00047209158504839824,0.002421701591136804,0.0007104744646272836,2.7565642183582923e-05,-0.0010627154314861902,-0.0007845421466683946,-0.0034357576716380687,0.0007052010374269481,-0.0013606640683052628,-0.013530415689884091,-0.0031523109596199583
-0.0001806148816115616,0.001847017876918201,0.0008793439856562769,1.7138638401100458e-05,-0.0011522438432737358,0.0002953119232189003,-0.0010850076464694422,0.00111005642567104,0.0008252913568528204,-0.022445024521436444,-4.4824131202901574e-05
-0.0006461146826595368,7.238977338644792e-05,0.0001422626837909203,2.5168629819796163e-06,-0.0006263393306582639,-0.0007093958090635867,-0.0017535343947304093,0.000854175355836482,-0.001530732095516147,-0.012347849640208408,-0.003390933540435223
-0.0006486315456415154,0.0029570743025892497,0.0011838844064757648,4.614248800295369e-05,-0.00012524389600801725,2.3730422401514806e-05,-0.0019999472657279992,0.0008661604176554276,-0.0012062964720772028,-0.01747350102831826,-0.003556926646627663
0.0003836418288245463,-0.0018747033697199727,-0.0015029267520961823,0.0,-0.00015820281601012004,0.0008648420608553456,0.0013684543584875693,0.0017863734641143138,-0.0006117175552391519,-0.01940621209724195,-0.0007831039392501467
-0.00048779201603122737,0.0005840320624373752,0.0008477034224542468,1.1865211200758556e-05,-0.0005695301376364467,-0.0018852502241206528,-0.0031073669777988686,0.001451510836892892,-0.001210251542477456,-0.012749828613615946,-0.0028186468385804214
0.00030585877761957333,0.0010375468016663996,0.0006433581184411711,2.6367136001688715e-05,-2.900384960185147e-05,1.3183568000838786e-05,-0.001952486420924957,0.0019023888625217405,-0.00048779201603121837,-0.019184728154827777,-0.002208247640141353
0.00047988187523070603,0.0006169909824394827,0.0004020988240257351,0.0,-0.00011733375520750688,-0.0001634762432104663,-0.0029834414385909364,0.0012023414016769432,-0.0010204081632653027,-0.015824236671412712,-0.0025259716289616936
0.0003506829088224402,0.0052114644307335286,0.003779728945841893,0.00013710910720877596,-0.0006420397616410889,-0.0027461372145757483,-0.0023967726625533964,0.0014343721984917909,-0.001208933185677374,-0.020802351948531302,-0.0030506776353952623
0.00011997046880766956,-0.0005312977904340034,-0.0006789537520434524,0.0,-0.0005840320624373712,-0.00017402309761114146,-0.0027830512049781095,0.0011416969888730602,-0.00030454042081949173,-0.014368770764119562,-0.0017705531825133458
0.0006090808416389732,0.005762537573168799,0.002384907451352632,0.00011074197120709243,0.00022016558561409092,0.00019511680641248223,-0.0010428202288667485,0.001335495438485459,-0.0007976058640510513,-0.025539207931234452,-0.0031719664610030257
-0.000301783856601138,0.0006184291898577571,0.00026247285383498116,5.393277818526184e-06,-0.0014408441318740242,-0.002639230463150722,-0.004093378013643786,0.0008293662778712577,-0.0013881098598706564,-0.00916641498036845,-0.002619455111149492
-0.0004943838000316462,-0.00047724516163054445,-0.00042846596002741997,0.0,-0.00031508727522016244,-0.0024468702209565953,-0.003687443969835989,0.0008740705584559368,-0.0009426251120603255,-0.009225860886990438,-0.002789642988978564
0.00038364182882454675,-0.003340716131413789,-0.0017481411169118707,2.7685492801774136e-05,0.0001502926752096206,0.00105336708326741,0.000601170700838464,0.0008925275536571161,-0.0020315878289300132,-0.015484100616990947,-0.00043769445762805587
0.00046933502083002936,0.00400912302905658,0.002576069187364859,7.119126720455787e-05,-0.0008819806992564441,-0.0022596635553446187,-0.004808047249907711,0.0008305647840531466,-0.0016110320097031045,-0.01501212888256073,-0.0033169857090123087
-0.000673680324843118,-0.000388915256024894,-0.00012524389600801576,-0.004358487581078928,-0.00040209882402573056,-3.8232347202448286e-05,-0.002371723883351787,0.0007672836576491024,-0.0005049306544323141,-0.009772978959025446,-0.0020645467489321667
0.0004640615936296968,0.0010124980224647947,0.00018325159521172664,1.3183568000848008e-05,0.00014238253440911815,0.00045746980962927487,-0.00044296788482835295,0.0018957970785213182,-9.755840320624765e-05,-0.021392975794969106,-0.002168696936138817
-0.00022927423259649687,0.0016045600763208662,0.002059393172349977,1.8576845819374172e-05,-0.0021026592455163804,-0.001964231781507529,-0.005651675751343517,0.0010548052906856865,-0.0008963627734391871,-0.01086050346847686,-0.0029661829495716795
-0.0004245108896271703,-0.0014343721984917972,-0.001309128302483778,0.0,-0.000791014080050619,-0.00045878816642936325,-0.0026063913937668065,0.0004930654432315532,-0.0015477508832990536,-0.009353741496598622,-0.002500922849760088
0.0004166007488266508,0.0007646469440489339,0.0011627906976744125,1.713863840109867e-05,-0.0011390602752728947,-0.002305806043347568,-0.002926752096187308,0.0016044402257026791,-0.0007962875072509638,-0.013700363866476785,-0.0030309022833940012
-0.00039155196962506234,0.0005879871328376284,0.0003032220640194025,9.228497600592242e-06,-0.0008714338448557659,-0.002888519748984861,-0.002696039656172545,0.0010415018720666483,-0.0002821283552180599,-0.011950904392764824,-0.0027949164161788984
0.00023598586721509804,0.00011733375520751006,-2.9003849601857325e-05,0.0,-0.0008055160048515508,-0.002945209091388489,-0.004822549174708635,0.0006802721088435334,-0.0006380846912408378,-0.009314190792596086,-0.0024125929441544333
0.0002465327216157739,0.0006117175552391429,0.0009769023888625181,1.1865211200761228e-05,-0.0018852502241206472,-0.003665031904234557,-0.0036149343458313538,0.0013117650160839526,-0.0007778305120497812,-0.010590360175077754,-0.0025589305489638024
0.0005444813584348396,0.004267520961873118,0.0011786109792754288,0.00011206032800717255,0.0003994621104255617,0.001622897220903858,0.003571428571428555,0.0017230923377102654,-0.0010507303696672505,-0.03056873912355633,-0.0017336391921109646
0.00036122976322311017,0.0021172810209355033,0.0020184042609291707,3.164056320202344e-05,-0.0018364710225175257,-0.0004561514528292001,-0.00289906660338554,0.0014014132784896836,-0.0029438907345884016,-0.014662764330538376,-0.003065179560196196
0.0002649897168169516,8.56931920054813e-05,4.086906080261935e-05,6.591784000422058e-06,-0.0012827611664820895,-0.0035674735010283102,-0.0016044402257026857,0.0010863260032695193,-0.00031508727522016965,-0.0119443126087644,-0.0027039497969730854
0.00021884722881399885,0.0004891103728313026,0.0011192849232716318,1.9775352001266537e-05,-0.0012392553920793073,-0.004171280915466953,-0.004355850867478768,0.0013961398512893457,-0.00048647365923113514,-0.010861941675895138,-0.0020619100353319875
-0.0005497547856351841,0.0008121077888519657,-0.00039155196962505995,0.0,3.2958920002113376e-05,0.0006459948320413385,0.000859568633655001,0.001405368348889935,-0.0005128407952328192,-0.020205136318093078,-0.0020302694721299613
-0.00016347624321046679,0.0023928175921531405,0.003262933080208817,8.832990560565594e-05,-0.0011390602752728988,-0.0032537045826082325,-0.004893740441913195,0.0012010230448768616,-0.0011667457680746727,-0.012773559036017474,-0.00348837209302328
0.00022543901281442142,-0.0006209460528397371,-0.00039682539682539585,0.0,-0.0019353477825238552,-0.0018826135105204861,-0.0035239677266255295,0.0012880345936824272,-0.0005919422032378873,-0.010056425671043584,-0.0024389600801561218
0.0004376944576280069,0.001600485155302424,0.00025180614881611425,6.5917840004244725e-06,0.00010678690080683905,0.0008345198544534048,0.0007145493856457182,0.0013750461424879932,-0.0010533670832674126,-0.021908453303802086,-0.002299214259347173
0.0003546379792226917,-0.002746137214575749,-0.00344882138902071,4.614248800295444e-05,0.0013473606496862325,0.0009518536096609145,0.003820598006644503,-0.005638612033960855,0.002520698201761318,-0.016428044085851367,-0.000713231028845681
0.00043373938722775067,0.0007580551600485099,0.0007725570848494354,1.4501924800929686e-05,-0.0003862785424247202,-0.0007817855824500369,-0.0030796814849970945,0.0012102515424774459,-0.0014053683488899397,-0.014395137900121244,-0.003074408057796782
0.00033486262722142444,0.0006960923904445443,0.0009162579760586352,1.4501924800928408e-05,-0.001914254073722504,-0.0023479934609502676,-0.004075040869060799,0.0013987765648895165,-0.00035068290882244623,-0.012059009650371738,-0.002547065337763041
-0.0002201655856140956,0.003198333597004691,0.00217397036333913,9.2284976005895e-06,0.00013183568000843814,0.001509518536096601,0.0029478458049886466,0.0005655750672361917,-0.0014211886304909564,-0.02740731951695401,-0.0014211886304909688
0.000410008964826234,0.0031231872593998774,0.002119917734535669,9.228497600590735e-05,0.0006367663344407494,0.0008107894320518844,0.0016004851553024185,0.0017494594737119604,-0.0007237778832463247,-0.027680219374571473,-0.002072456889732649
0.0003098138480198217,0.001359225860886987,0.001444919052892468,2.900384960185898e-05,-0.0020368612561303522,-0.0012563940304804078,-0.004394083214681218,0.0015174286768971092,-0.00044824131202869026,-0.0137161841480778,-0.0027421821441755215
-0.0003531997718044276,0.0021754085707574033,0.0011352250554908323,1.5940132219202465e-05,-0.0007144295350275398,-0.0029187221047686173,-0.0042647643976547606,0.0007225793770644238,-0.0014329339910735235,-0.011084624124491203,-0.003214034027987537
0.0004535147392290144,0.0011904761904761858,0.0012418921056794733,2.9003849601856224e-05,-0.0014172335600906973,-0.00268549280177187,-0.0018232874545166913,0.001278806096081838,-0.0007976058640510479,-0.014584981279333394,-0.0028186468385804145
-0.0008777859276198164,0.0023864655093890916,0.001748380818148255,4.638218923933439e-05,-3.140086196564694e-05,0.00013734880844514587,-0.0019548834332887527,0.0008954039684936616,-0.0008725125004194772,-0.017955779915912757,-0.0034551734717847837
0.0005312977904339908,0.001592575014501918,0.001423825344091119,4.877920160312234e-05,-1.8456995201177538e-05,-0.0005932605600379723,-0.0021344196593366,0.0014317354848916227,-0.000897800980857463,-0.017770131308337236,-0.0035476981490270704
0.0005036122976322243,0.0007686020144491864,0.00044692295522859977,1.1865211200761951e-05,-3.823234720244471e-05,-0.000465379950429787,-0.0032326108738068844,0.001327585297684957,-0.0010322733744660636,-0.015274481885777525,-0.0029491641617887705
-0.00012919896640827385,-0.0020131308337288287,-0.001589938300901747,0.0,0.00012656225280810102,0.00032695248642091996,0.00019116173601222837,0.00093075990085956,0.0007712387280493533,-0.016606022253862745,-0.0019419395665243172
-1.0546854400676442e-05,0.0016163054369034394,0.001326266940884875,3.4277276802198123e-05,-0.00243236829615566,-0.00394979697305279,-0.004446817486684595,0.0017982386753150838,0.0006842271792437906,-0.013942941517692315,-0.0006103991984390961
-0.0004716121825756418,0.0018895648463754734,0.001440005177546697,3.595518545684818e-05,-0.0007379202561926775,-0.000642998566586607,-0.003527563245171217,0.0009152991711131185,-0.0013944619426346982,-0.014340725719463219,-0.003099097285143824
-0.00041144717224451656,0.0019273177911051627,0.0018178941766981585,3.811249658425894e-05,-0.0002782931354359914,-0.001567646085918512,-0.0034528963100391636,0.00118244619905749,-0.0012380568858974175,-0.014999065165178085,-0.0029519207260071297
-0.00047988187523071763,0.0009043927648578743,0.0010968728576701918,1.1865211200759785e-05,-0.000949216896060745,-0.0017995570321151704,-0.004162052417866365,0.0011720191952750056,-0.0014396456256921349,-0.01125349364552019,-0.0030348573537942562
0.0004319416279549085,-0.002140172489009693,-0.001548230285771804,-0.005500663972424755,-0.00033929710009444,0.0007378004055744881,0.0011570378680013146,-3.6075036075039294e-05,0.00044117012555550334,-0.012499820224072688,-0.0006372457369135422
0.00036650319042344406,0.002063228392132045,0.002493012708959547,6.723619680430456e-05,-0.0008490217792543344,-0.002591889468965876,-0.003338079417813639,0.0010296366608658913,-0.0015727996625006593,-0.014027316352897709,-0.003574065285028759
0.0008542952064546633,0.004247745609871853,0.0020856404577334763,9.228497600590369e-05,0.00030981384801982687,0.0008384749248536578,0.0007527817328481663,0.0015213837472973606,-0.0006591784000421917,-0.027280757264145902,-0.0026960396561725615
0.0003427727680219319,0.0005800769920371204,0.0006341296208405796,0.0,-0.0014211886304909488,-0.0020922322417338992,-0.0026419870273690876,0.0007369614512471632,-0.0012207983968781264,-0.012619311290407605,-0.002231978062542876
0.0003941886832252215,-0.0006499499024415923,-0.0005616199968359416,0.0,-0.00043901281442809453,-0.0005392079312345104,-0.0026696725201708583,0.0008925275536571144,-0.0006802721088435389,-0.012993724621631564,-0.0026868111585719827
-0.0006156726256394049,0.0002307124400147637,0.00010942361440700249,0.0,-0.00024916943521594194,-0.00018984337921215737,-0.00183251595211728,0.0008094710752517989,-0.0012959447344829383,-0.013851974898486484,-0.0030480409217951074
-0.0005854702698556546,0.0002701432933991022,0.0002912370022004544,1.1985061818948659e-06,-0.0002637912106350629,-0.0004747282986485651,-0.0029361004444060893,0.0008449468582358906,-0.0013316602187034064,-0.012649753347427727,-0.0030995766876165814
0.0003889152560248831,0.0006895006064441252,0.0011575172704740757,1.7138638401098523e-05,-0.0012853978800822594,-0.0022794389073458815,-0.004156778990666029,0.0013869113536887556,-0.0007185044560459861,-0.012298950587987098,-0.0028344671201814275
0.0003203607024204984,0.0007831039392501156,0.0010507303696672434,1.7138638401098493e-05,-0.0012036597584770279,-0.003908927912250164,-0.0038548752834467047,0.0015095185360966049,-0.0005220692928334133,-0.011592311343141879,-0.0025325634129621175
0.0004561514528291831,-0.0007620102304487658,-0.0005668934240362789,0.0,5.1415915203292296e-05,-5.273427200337828e-05,-0.0017085904129093494,0.001414596846490522,-0.0006512682592416811,-0.015443231556188328,-0.002670990876970966
-0.0003744133312239636,0.0013196751568844546,0.000876707272056105,1.7138638401094545e-05,-0.00022543901281442334,-0.001593893371302006,-0.004635342509096654,0.0009057111216579605,-0.0003520012656225303,-0.013274534620049528,-0.002597162896166256
0.00036913990402361876,0.0024930127089595492,0.0020988240257343214,3.2958920002110666e-05,-0.0014014132784896849,-0.003427727680219372,-0.004324210304276748,0.001069187364868424,-0.0006789537520434535,-0.013405051943257891,-0.0027593207825766207
0.00061243665894828,0.0024818666014679224,0.0011094571725800927,-0.00465703547098894,-6.915380669533371e-05,0.00028548417252735695,-0.0006400023011318734,0.0012478846365889496,-0.0013347763347763353,-0.016625078502154875,-0.0023446376436409913
-0.0005914628007651291,0.0019186885465955186,0.001297742493755773,-0.00409961024578964,-0.0008617259447824156,-0.0013271058952122078,-0.0028880403465121034,0.00080072198012397,-0.0007799878231771918,-0.011106676638238071,-0.00229609814327425
-0.00046801666402995296,0.0003032220640194024,8.569319200548307e-05,3.955070400255076e-06,-0.0006895006064441251,-0.002551020408163263,-0.003841691715445864,0.0009624004640615909,-0.0006749986816432002,-0.010370194589463666,-0.0026934029425724065
-0.0001964351632125735,0.0005339345040341684,0.0005932605600379637,0.0,-0.0006921373200442906,-0.0024257765121552467,-0.004102726361862569,0.0007804672256499463,-0.0005563465696356097,-0.011337868480725594,-0.0025299266993619417
-0.00037585153864224037,0.001639916008686769,0.001588500093483476,2.8883998983668484e-05,-0.0006764368890614724,-0.0019631531259438196,-0.003251187719626255,0.0008647222102371561,-0.0011892776842942947,-0.01337221287387397,-0.003227457297224765
0.0002953119232188935,0.0003770500448241282,-3.82323472024475e-05,0.0,-0.0009650371776617556,-0.0006578600432421071,-0.0030032167905922045,0.001198386331276689,-0.00065126825924168,-0.014049728418499143,-0.0024389600801561218
-0.0003281509926028259,0.0009836140234811322,0.0014595408283115876,1.3303418619034849e-05,-0.0009873293926450034,-0.002775021213559416,-0.004209393412051214,0.0012855177307004523,-0.0008344000038352222,-0.011605375060524527,-0.0029358607431697464
0.0005299794336339071,0.002615619891367397,0.0024864209249591237,2.900384960185919e-05,-0.0002491694352159439,-0.002015767547329008,-0.003659758477034222,0.0016809049201075667,-0.001042820228866741,-0.017345620418710076,-0.002962347729789608
0.0005563465696355999,0.0022108843537414903,0.0010586405104677486,1.8456995201187722e-05,0.00021752887201392695,0.0006130359120392292,-0.00010678690080684295,0.0015332489584981173,-0.0006604967568422675,-0.02333491536149339,-0.002039497969730547
0.003280551121082818,-0.0494550392390924,-0.022724036760581632,0.005652275004434536,-0.004136524236191851,0.04756283767911715,0.0072685804413380505,-0.3093928127981301,0.05102747934973875,0.22521800827448715,0.02576512634652172
-0.02987947821834903,0.14394586587277658,0.14205270550785493,0.012509647974763652,-0.0021821202053767205,0.06923194929839467,0.0716115833225471,0.13873176472844295,-0.02464164665161389,0.2439366373751759,0.2147495361781081
-0.0003715369163874188,0.0012144463141140825,0.0009191343908951839,2.5288480437982674e-05,-0.00018828532117568704,-0.0026931632413359965,-0.0019206061564865531,0.0006290958948766216,-0.0008026395900150063,-0.01362102275723534,-0.003124265914963613
0.00022807572641459132,-9.360333280599224e-05,-0.000257079576016453,0.0,-0.000763328587248847,-0.00022280229921426288,-0.0008674787744555233,0.0008872541264567767,-0.001467331118493906,-0.015025312450561584,-0.00235194853135055
-0.0021805621473397056,0.006661656910825802,0.002929388809786758,0.006471813531613562,0.017232241733902136,0.02754706533776235,0.049580762537573486,0.003947160259452107,0.023626272214311867,0.8053327532563453,0.038917892738490556
0.00030513967391043473,-0.001208333932586422,-0.0012241542141874302,-0.003663114294343518,-0.0010975919613793307,-0.0012162440733869278,-0.003105449367907835,0.0007072384979361685,-0.00025648032292550574,-0.007809346430608876,-0.0013652183917965063
0.00035200126562252295,0.0026696725201708574,0.0023559036017507693,4.086906080261846e-05,-0.0015319306016980392,-0.0025444286241628395,-0.005363075462743232,0.0014831514000949147,-0.0013249485840847973,-0.013337815746453586,-0.0027329536465749357
-0.00041276552904460364,0.0023294166151308976,0.0011890379830579144,1.4382074182739086e-05,-0.00038639839304290826,0.00015412789499167587,-0.0018497744411365724,0.001109936575052846,-0.0009572468874794476,-0.017506579798938555,-0.0036176909100497333
-0.00039155196962506396,-0.0006249011232399918,-0.00025707957601645335,0.0,-0.00018720666561197614,-0.00024257765121552747,-0.001713863840109687,0.0011061013552707832,-0.000656541686442022,-0.014669356114538798,-0.002296577545747011
0.00037477288307852556,0.00025216570067068255,-0.0003674619953689715,-0.0033706787859611653,-0.0011031050898160479,-0.0021973412338860817,-0.003298169161956532,0.0007201823647006342,-0.0005691705857818791,-0.008648061056698908,-0.0017266878562560012
0.00017138638401096624,0.003298528713811105,0.0029623477297895788,9.360333280599386e-05,-0.00234667510415018,-0.003721721246638186,-0.00514290987712914,0.0012498022464799824,-0.0013513157200864842,-0.012136792701576722,-0.003009808574592661
-0.0005073276667961084,0.0004603462244658246,0.0012684989429175395,2.397012363789741e-05,-0.0006892609052077469,-0.0007564971020120515,-0.003179636900567129,0.0008466247668905442,-0.0017123057820732218,-0.011980986897930387,-0.0037069796206009066
-0.0002778137329632363,0.0008230141951072136,0.0011605135359288123,1.8816547055751983e-05,-0.0010398239634119993,-0.0027668713715225295,-0.0028327892115267506,0.001015494287919532,-0.001217802131423394,-0.01183452944250283,-0.0029817635299363154
0.0003524806680952783,0.0015666872809729916,0.001361023620159826,-0.003508986399351837,-0.002071977487259869,-0.002611185418494383,-0.0035234883241527736,0.0009787001481353635,-0.00038316242635179755,-0.009759315988551849,-0.0023343304904766965
-0.0002702631440172983,0.0008477034224542499,0.0016360807889047,1.977535200126836e-05,-0.00067368032484311,-0.0025958445393661337,-0.004297843168275059,0.0010705057216685088,-0.0008648420608553494,-0.011970679744766089,-0.0028344671201814345
-0.0005612604449813808,0.0013464018447407117,0.0022191540463965625,2.9363401456425862e-05,-0.0003002257985646696,-0.00022376110415978038,-0.002045730201876379,0.0009469397343151431,-0.0007392386129927668,-0.0171092749996404,-0.0034959226819692123
-0.00034277276802194067,0.0002926752096187326,0.00030454042081949016,0.0,-0.0013051732320835255,-0.0024824658545588713,-0.004233243685070921,0.0006446764752412573,-0.0007686020144491913,-0.009687285767019967,-0.0023559036017508084
0.0004877920160312066,0.0008173812160523072,0.0007976058640510419,2.109370880135526e-05,-0.0005207509360333244,-0.0009703106048621018,-0.0030968201233981933,0.0015754363761008186,-0.0006038074144386453,-0.015416864420186638,-0.003024310499393574
-0.0005312977904340078,-0.0005919422032378838,-0.00024389600801561198,0.0,-0.00014633760480936157,-0.0004732900912302923,-0.0018391077361177028,0.0006473131888414226,-0.0011456520592733213,-0.013008226546432489,-0.0026011179665665005
0.0004877920160312089,0.0013434055792859707,0.0009136212624584673,1.4501924800931329e-05,-0.0003388176976216812,-0.0008411116384538327,-0.0008951642672572962,0.0012498022464799753,-0.001506881822496439,-0.01746427253071766,-0.00289642988978539
-0.0003786081028605978,0.0010491723116307777,0.000905471420421577,8.988796364213232e-06,-0.0003337839716577255,-0.0017681561701495222,-0.0018815348549567807,0.0009001979932212436,-0.0010575618549040493,-0.014281998916550367,-0.0030957414678345133
0.00035859304962294094,0.00018984337921214831,8.96482624057379e-05,6.591784000422338e-06,-0.0011535622000738203,-0.002454780361757101,-0.0026367136001687495,0.0013961398512893444,-0.0001450192480092846,-0.012987132837631137,-0.0025971628961662455
-0.0003452896310039213,0.0004628630874478026,0.0009374715354781743,5.393277818526401e-06,-0.0014579827702751232,-0.002492892858341359,-0.003701826044018731,0.0011259965578902414,-0.0012892330998643267,-0.010388531734046656,-0.002789523138360374
0.00034013605442175876,-0.0010269999472657218,-0.0007303696672467403,0.0,4.086906080261662e-05,0.00048779201603121197,-0.0012959447344829398,0.0008925275536571141,-0.0008727522016558538,-0.015731951695406806,-0.0020368612561303887
0.00023203079681484242,0.001049412012867155,0.0002109370880134999,0.0,0.0002860834256183148,0.0003454094816221057,0.0006183093392395662,0.0015767547329009054,0.0004126456784264084,-0.023907082212730014,-0.0007580551600485375
-0.00034804619522227836,-0.0018021937457153377,-0.0017059536993091727,0.0,-0.0005550282128355198,7.778305120497373e-05,-0.0026406686705690006,0.000556346569635602,-0.001056003796867583,-0.009705742762221147,-0.002754047355376283
-0.0001239255392079408,-0.0018430628065179509,-0.006231872593998809,0.0,-4.614248800295011e-05,8.832990560564954e-05,-0.001326266940884882,0.00042978431682750065,-0.0003414544112218558,-0.00838343089173652,-0.00215551336813799
0.00015292938880978352,0.0018311975953171921,0.0024877392817592068,5.0097558403207075e-05,-0.002420503084954904,-0.003658440120234133,-0.002938617307388071,0.0012142066128777054,-0.0016044402257026833,-0.011958814533565334,-0.003088909982597716
-0.000154846998700827,0.0026057921406758577,0.0032689256111182946,4.0269807711667925e-05,-0.001347959902777175,-0.002257626094835394,-0.0021297454852272153,0.0009618012109706409,-0.0018779393364110955,-0.014901986164444592,-0.004140239605355908
-0.0006093205428753639,0.0016661632940702614,0.001827002823680556,3.6674289165988106e-05,-8.1498420368831e-06,-0.0015123949509331543,-0.002124112506172308,0.0012152852684414082,-0.0006686465988791562,-0.016959581577521733,-0.0027964744742153616
0.0005563465696356014,0.001852291304118538,0.001605758582502761,3.691399040236606e-05,0.0003493645520223613,-0.0016189421505036058,0.00031772398882032576,0.0015582977376997203,-0.0003124505616199965,-0.021780572694193905,-0.002498286136159912
0.022703542304871125,-0.008424180101921391,-0.021497006131558135,0.011911473539379963,0.02704225453394843,0.037245017809801606,0.11406830526431949,0.026364619138705362,0.012789499168236296,0.6355522476784947,0.1223106719784468
0.00029399356641880806,-0.0026604440225702596,-0.0018839318673205595,0.0,-0.000147655961609447,0.0003572746928228598,-0.0007883773664504615,0.0005102040816326483,-0.00034672783842219237,-0.01391261931129037,-0.001355270790486772
0.0005352528608342545,0.004013078099456833,0.0036913990402362416,0.00027421821441755593,-0.0009993144544639492,-0.0073063333860676,-0.009602910931814573,0.0029887148657912676,-0.0009689922480620182,-0.011823023783156642,-0.0007356430944471179
-0.00030993369863802447,0.001788890327096306,0.002653732387951646,7.502648698662312e-05,-0.0012037796090952205,-0.004073842362878904,-0.003538589502044647,0.0012826413158639046,-0.0014331736923099037,-0.012110545416193226,-0.0030639810540143003
0.0005774402784369454,0.004390128144280968,0.002809418340979798,7.250962400464599e-05,6.591784000421622e-05,-0.00010810525760692135,5.009755840319281e-05,0.0012550756736803173,-0.0010586405104677581,-0.02504746084480298,-0.002939935664188171
0.0003190423456204092,0.0010902810736697736,0.0005471180720350112,7.91014080051172e-06,-9.228497600590136e-05,0.0002623530032167868,-0.003131097400200386,0.0013012181616832716,-0.0007989242208511261,-0.017408901545114132,-0.002030269472129965
-0.0007976058640510501,0.0002570795760164507,0.00017534145441121913,0.0,3.559563360228212e-05,0.00036122976322311505,-0.0017942836049148329,0.0016242155777039396,-0.001083689289669355,-0.016544059484258775,-0.0021673785793387412
-0.00047460844803038027,0.0001898433792121459,0.0001278806096081811,0.0,-0.0003796867584242961,-0.000512840795232825,-0.001857564731318883,0.0008318831408532345,-0.001165427411274588,-0.013650266308073575,-0.0030427674945947628
-0.0005496349350169979,0.00218068199795774,0.0015742378699189277,3.835219782063904e-05,-0.00037033841020552,-0.00035583648540459694,-0.0021197978839174844,0.0007107141658636631,-0.001312963522265848,-0.016298725268824893,-0.003430244543201375
0.00024125929441543324,0.00011733375520750665,-0.0013420872224858865,0.0,-0.0007989242208511244,-0.00023466751041502105,-0.0028529241153825847,0.0007870590096503645,-0.0013618625744871544,-0.01236486842799132,-0.0021238728049359605
0.0005167958656330706,0.00016874967041079702,0.00035991140642303,6.591784000422652e-06,-0.0003665031904234517,-0.0027197700785740577,-0.004110636502663075,0.0015596160944998088,-0.00042846596002742594,-0.01254943838000313,-0.0023704055265517353
0.0003994621104255593,0.0009360333280599028,0.0011548805568739043,3.0322206401941967e-05,-0.0010520487264673245,-0.001038865158466488,-0.0059642461635817014,0.0014752412592944101,-2.3730422401520782e-05,-0.01320334335284498,-0.00264726045456945
-0.0006183093392395811,-0.0009834941728629441,-0.0013803195696883337,0.0,-0.000355956336022779,-0.0006947740336444667,0.00025576121921635846,0.0009136212624584668,-0.0012550756736803264,-0.012165796551178575,-0.003649211622633569
-0.0005501143374897516,0.000856572368200268,0.0008526172978000201,1.0187302546109887e-05,-0.00011505659346190629,0.00024089974256086746,-0.0019132952687769956,0.0013311808162306412,-0.0016733543311616347,-0.01646795434170846,-0.0025052374720149033
-0.0002995066948555398,0.0002884804379820986,0.0005007358827956814,3.7153691638764585e-06,-0.0007358827956834541,-0.0023205476693848783,-0.005841878682410231,0.0011427756444367682,-0.0009178160340951038,-0.009487135234643512,-0.0022664950405814517
-0.0004809605307944201,0.00125004194771636,0.0015163500213334,2.528848043798227e-05,-6.435978196775262e-05,-0.00018301189397535122,-0.004743208065467195,0.0008729919028922287,-0.001699122214072379,-0.01322551571721003,-0.003202048966168592
-0.0003875968992248086,-0.0004047355376259039,-0.00020434530401307606,0.0,-0.0006684068976427737,-0.0024270948689553333,-0.0036057058482307594,0.0009123029056583862,-0.001103464641670622,-0.009298370510995075,-0.0027461372145757834
0.0003625481200231969,0.0009096661920582186,0.0010335917312661448,1.1865211200761008e-05,-0.0008041976480514618,-0.00270394979697305,-0.0026143015345673126,0.0012247534672783769,-0.002374360596951954,-0.012620629647207688,-0.0023585403153509807
-0.0008002425776512164,0.0007053208880451367,0.0005247060064335796,1.845699520118322e-05,-3.559563360227592e-05,0.00014633760480936195,-0.0035977957074302546,0.001955123134525119,-0.0006644518272425251,-0.016312028687443927,-0.0018733850129199273
-0.0003504432075860711,0.001281682510918389,0.0012052178165134911,1.2104912437140708e-05,-0.0008171415148159288,-0.0027907216445422385,-0.004049752388622817,0.0008848571140929922,-0.0016226575196674842,-0.010565071694639777,-0.003121629201363444
-0.00014645745542755714,0.0018192125334982458,0.004011639892038552,0.0001620380357921887,-0.0011325883418906663,-0.004995373766137877,-0.004104164569280846,0.0016438710790870209,-0.0014859079643132808,-0.012110545416193224,-0.0035952788444483033
0.0015620131068636008,-0.02592968124529588,-0.027383828795788902,0.000661575412405982,0.0028157704237438586,-0.007199786186497157,-0.003006093205428737,0.000975344330826066,0.005795256791934542,0.02020489661685675,0.011570977933104125
-0.0003653046842415677,0.0011784911286572362,0.0020828838935151154,2.8883998983667074e-05,-0.00034552933224029346,-0.0018827333611386755,-0.0032010901612230473,0.0008726323510376627,-0.001642792423523319,-0.013374849587474136,-0.0032841466396283867
-0.00017054742968364528,-0.00231024051622058,-0.0037999837003159106,-0.005465068338822475,0.0007747143959768531,0.0003422933655491787,0.0025914100664931163,0.00031065280234715293,-0.0011527232457464994,-0.00903517855345096,-0.0020188836634019783
0.0004996572272319709,9.887676000632645e-05,0.00042714760322733333,6.591784000421243e-06,-0.00047988187523070907,-0.003665031904234551,-0.001585983230501506,0.0011997046880767755,-0.000548436428835101,-0.012682592416811649,-0.0032036070242050588
0.0007014856682630655,0.0018458193707363067,0.0013052930827017156,-0.005072917116106462,-0.0008014410838331099,0.00028620327623649284,0.00013986567142712565,0.0012749708762997743,-0.0012734128182633133,-0.015560445460777646,-0.002778976283959695
-0.00025695972539826746,0.0001912815866304221,0.0004417693786464543,5.3932778185298686e-06,-0.0006181894886213794,-0.003083516704779158,-0.00500831763290234,0.0007344445882651823,-0.000786939159032184,-0.008933065826753513,-0.002619455111149492
-0.0004415296774100798,0.00012800046022636878,0.0004404510218463686,5.393277818527083e-06,-0.0006498300518234013,-0.0026880096647538447,-0.004258172613654335,0.0009256063242774177,-0.0020051008423101393,-0.009050399581961022,-0.0023399634695316085
0.000547118072035007,0.0006895006064441242,0.0008239730000527282,9.228497600591047e-06,-0.0004166007488266585,-0.00205399989453145,-0.0009268048304593221,0.0014488741232927182,-0.002438960080156087,-0.014267257290513063,-0.003348626272214335
0.0002478510784158532,-0.0006196276960396579,-0.00042451088962716606,0.0,-0.0010705057216685051,-0.0030902283393977707,-0.0043453040130780884,0.0010968728576701945,-0.00031904234562042053,-0.009478985392606628,-0.0019300743553235591
0.0002083003744133249,0.0015727996625006574,0.0020750936033328,4.350577440278672e-05,-0.0011469704160734031,-0.004524600537889566,-0.005761219216368712,0.0015002900384960154,-0.000603807414438646,-0.011149343458313529,-0.002147603227337473
-2.5048779201609328e-05,0.004173917629067126,0.0023110794705479055,0.0001028318304065823,0.0002518061488161176,0.001191794547276271,0.0017428676897115322,0.0007145493856457232,-0.0006459948320413451,-0.028190423456204133,-0.0015609344512999175
-0.00045051847377428837,0.001180288887930082,0.002543469819217325,0.00019283964466689142,-0.0024821063027042987,-0.007412760735019866,-0.007254557919009741,0.004180868964922116,0.001602163063957081,-0.011533944092083602,-0.0004992976753774442
0.0006421596122592758,-0.002619455111149458,-0.001129711927054114,0.0003112520554381062,-0.0028462124807639697,-0.00251398656714271,-0.008280479210711763,0.002929508660405663,-0.0024863010743409438,-0.0048791186664940665,0.0009387898922782363
0.0005721668512366099,-0.0027790961345778493,-0.002388862521752878,0.0,-0.0003572746928228615,0.00023598586721509886,0.0003625481200231937,0.000937351684859983,-0.0006842271792437893,-0.01362521752887198,-0.002206929283341274
0.0004548330960291001,-0.001705953699309172,-0.0012880345936824307,0.0,0.00017665981121130838,0.00039023361282497027,0.00010019511680640473,0.000990085956863357,-0.0008582502768549258,-0.016619205821863586,-0.0015741180193007756
-0.0003243157728207601,7.382798080472392e-05,0.00022807572641459666,3.955070400253021e-06,-0.0007171860992458973,-0.0030098085745926197,-0.004611612086695134,0.0007092759584453926,-0.0016387175025048756,-0.008102620893318549,-0.0025444286241628755
-0.0006789537520434571,8.173812160522904e-05,-2.2412065601435256e-05,3.955070400255078e-06,-0.0002966302800189829,-0.0018496545905183738,-0.002797553129779043,0.001086326003269521,-0.0014950166112956786,-0.01105310341190737,-0.00291225017138641
-0.000573485208036707,3.295892000210955e-05,-0.00010151347360649826,0.0,-0.00021357380161366284,-0.0003019037072193233,-0.002925433739387223,0.0007303696672467372,-0.0016044402257026807,-0.011907398618362043,-0.003069134630596458
0.0002648698661987659,0.0009121830550401904,0.0008489019286361431,2.4928928583414316e-05,-0.0005393277818526928,-0.000953291817079194,-0.001111494633089321,0.0023030494791292043,-0.0010297565114840844,-0.018480845474200907,-0.0021727718571572657
-0.000629095894876625,0.0012943866764464692,0.0007868193084139883,-0.0038577516982832467,-0.00020722171884962173,-0.0009995541557003317,-0.0026488185126058847,0.0007459502476113738,-0.0011037043429070021,-0.010591918233114221,-0.0027226464934106444
0.00031904234562041164,2.6367136001676315e-06,-5.932605600379971e-05,0.0,-0.0008463850656541632,-0.0009070294784580488,-0.0027395454305753322,0.0009399883984601532,-0.0008186995728523962,-0.012935716922427846,-0.0028885197489848906
-0.0005932605600379696,0.0002175288720139166,0.0001753414544112219,0.0,-0.00028872013921847503,0.0,-0.00047592680483046757,0.0010810525760691792,-0.0006631334704424372,-0.017448452249116658,-0.0019379844961240553
0.0003862785424247145,0.0004245108896271675,7.910140800504023e-06,6.5917840004248155e-06,-0.0004851553024310449,-0.0008028792912513856,-0.0019854453409270684,0.0012010230448768582,-0.0014673311184939075,-0.013940304804092142,-0.0032787533618098656
0.0005893054896377079,0.0043400305858777586,0.0030638612033960836,8.832990560565483e-05,-0.0005471180720350105,0.00038891525602488785,0.00021621051521382862,0.001666402995306643,-0.00042846596002742474,-0.027267573696145075,-0.0020434530401307986
-0.0005879871328376331,0.0016453092865052969,0.0012023414016769447,3.95507040025323e-05,-2.900384960185288e-05,0.00021489215841375025,-0.003707219321837258,0.0013078099456836922,-0.0007356430944470811,-0.016939566524284095,-0.0023440383905500434
-0.000729171161064851,0.0016939686374902272,0.0012022215510587514,3.283906938392191e-05,-0.00011086182182527012,2.229221498324415e-05,-0.0035254059340438042,0.0014408441318740244,-0.0008043174986696546,-0.016824989333294942,-0.002330974673167393
0.00030585877761956694,-0.000545799715234932,-0.00024389600801560886,0.0,-0.0005550282128355188,-0.0026657174497705994,-0.004769814902705259,0.0006525866160417628,-0.0006697252544428612,-0.008921320466170944,-0.0025206982017613525
-0.0003150872752201684,-0.0008055160048515514,-0.0013012181616832714,0.0,-0.00017797816801138833,-0.0027092232241733858,-0.004057902230659701,0.0006539049728418468,-0.0009808574592627744,-0.0076899752148921405,-0.002549702051363213
0.00043242103042767264,0.0020895955281337295,0.0009808574592627703,1.1865211200762326e-05,-0.0012102515424774465,-0.0030177187153931297,-0.005492274429151502,0.0008529768496545855,-0.000624901123239992,-0.012035279227970234,-0.001920845857722963
-0.0006433581184411796,0.0005616199968359411,7.514633760480695e-05,0.0,4.086906080261748e-05,-9.887676000633119e-05,-0.002990033222591359,0.0012102515424774489,-0.0003796867584243047,-0.015192743764172295,-0.0025167431313610975
0.00030190370721931085,-0.0018997521489215786,-0.0014304171280915415,0.0,4.6142488002955204e-05,-4.4824131202873154e-05,-0.0029307071665875617,0.0007593735168485936,-0.0003005853504192351,-0.012196118757580516,-0.0022385698465432965
0.0003269524864209171,0.0003730949744238759,0.0005049306544323111,1.1865211200759866e-05,-0.0009057111216579625,-0.003592522280229913,-0.005386805885144746,0.0012827611664820938,-0.0006196276960396571,-0.009840215155829751,-0.002088277171333676
-0.0008503401360544255,0.00031640563202024665,-6.591784000426264e-06,0.0,-0.0001661129568106262,-3.427727680219642e-05,-0.0015938933713020081,0.0012603491008806563,-0.0002544428624162866,-0.01615514422823389,-0.0024495069345567937
0.00025971628961661943,0.0017705531825133068,0.0012656225280809918,3.0322206401946114e-05,-0.00030849549121973795,-0.0006552233296419338,-0.0007000474608448051,0.0015846648737014117,-0.00028872013921848213,-0.020797078521330965,-0.0020948689553340963
-0.00020170859041291657,-0.001849654590518371,-0.0020197226177292534,0.0,-0.0003968253968253924,-0.00015952117281021628,-0.0018641565153193049,0.0005260243632336624,-0.0005128407952328214,-0.010999050783103911,-0.0024560987185572244
0.0003137689184200725,-0.0018628381585192159,-0.0014370089120919623,0.0,-0.00048779201603121566,-8.569319200548656e-05,-0.001605758582502771,0.0006169909824394791,-0.0004851553024310497,-0.012786742604018317,-0.0021133259505352817
-0.0002465327216157825,0.002602436323366552,0.002611664820967138,4.350577440278598e-05,-0.0008252913568528146,-0.0018733850129198978,-0.004964931709117754,0.0007778305120497756,-0.0011311501344723938,-0.01381637926488421,-0.0031113220481991458
0.00029663028001897365,-0.0017494594737119636,-0.0010797342192690991,0.0,6.196276960396655e-05,-1.713863840110078e-05,-0.004433633918683743,0.0005866687760375418,-0.00030717713441966155,-0.011289089279122469,-0.0020025839793281937
-0.0003705781114419001,0.00044021132060999014,0.0007500251686298151,2.516862981980228e-06,-0.0006223842602580091,-0.002342839884368122,-0.0038958641948675086,0.0008198980790342858,-0.0011220414874899898,-0.01079087025930877,-0.0028016280507975194
-0.0003665031904234618,-0.0018628381585192142,-0.0016373991457047882,0.0,-0.0002570795760164482,0.0005813953488372027,-0.0032009703106048565,0.0005392079312345046,-0.0007250962400464045,-0.010910720877498264,-0.0020935505985340205
0.0003427727680219338,-0.0028753361809840104,-0.0023071244001476466,0.0,-3.0322206401939565e-05,0.0005273427200337445,-0.0009281231872594025,0.0008424299952539079,-0.0002518061488161162,-0.014068185413700331,-0.0011852027632758867
-0.0003875968992248104,-0.0010797342192690998,-0.0010309550176659788,0.0,0.00010546854400674937,0.00023203079681484478,-0.001769234825713229,0.0008753889152560194,-0.0004179191056267469,-0.01430021621051518,-0.0021607867953383174
-0.00042055581922691756,0.0018377893793176184,0.0015899383009017477,2.9003849601856268e-05,-0.00038100511522438533,-0.00034145441122185603,-0.006544323155618821,0.0009742656752623468,-0.0011983863312766986,-0.012171069978378916,-0.003307757211411723
0.0003071771344196546,-0.001302536518483358,-0.0009360333280599029,0.0,-0.0004798818752307075,-0.00043110267362759326,-0.0027421821441754963,0.0006710436112429418,-0.000751463376048094,-0.011915308759162553,-0.0023532668881506395
-0.0003414544112218592,-0.0014923798976955076,-0.001529293888097865,0.0,0.00022016558561408815,0.0004521963824289346,0.0004126456784263992,0.00036782154722353575,-0.0010401835152665671,-0.015957390708221227,-0.0010256815904656803
-0.01883835986826043,-0.03513193156050418,-0.09827067543014527,0.020807265823876632,0.021877771545545054,0.040819922049157575,0.13197374792059258,0.03487808795117749,0.029724631219647503,0.7065202331813658,0.1457057523502715
0.0003783684016242079,0.0012906713072825984,0.0008147445024521372,6.5917840004243005e-06,3.559563360228101e-05,0.0006301745504403238,-0.00041000896482624695,0.0019248009281231748,-0.0008951642672572902,-0.02090782049253805,-0.0028015082001793083
0.004930294880460827,-0.0013332182767403786,-0.0143282612551723,0.0031043707123433175,0.023962093646478565,0.035673057101628276,0.027314674989093585,0.016757273734017475,0.021447987228717776,0.8397230491914917,0.022815123230405465
0.0002214839424141662,-0.0020355428993302643,-0.002131782945736422,0.0,0.00032299741602067337,-0.0003981437536254829,0.0007395981648473253,0.001331540368085208,0.0003098138480198251,-0.017626430417128056,-0.0006670885408427245
0.0001383076133906632,-0.0022294611995608577,-0.002185955425158071,2.5168629819837706e-06,0.00021081723739531494,0.0006010508502202806,0.0010361085942481203,0.0012378171846610313,0.0003993422598073759,-0.01870496613021527,-0.0004391326650463184
0.0001423825344091078,-0.0004996572272319757,-0.0008938459104572041,0.0,-0.001957759848125285,-0.0005919422032378871,-0.0037072193218372555,0.00075410008964826,-0.0006235827664399101,-0.010388651584664848,-0.002167378579338748
0.0004587881664293589,0.0039774824658545555,0.002674945947371193,9.228497600590987e-05,-1.5820281601013718e-05,3.9550704002527734e-05,-0.0020210409745293517,0.0012379370352792185,-0.0017230923377102771,-0.021022517534145396,-0.00363207298423247
0.00018193323841163918,0.0015727996625006509,0.0012207983968781286,2.9003849601860564e-05,-0.0005022939408321391,-0.0006459948320413453,-0.0009333966144597424,0.0021001423825343993,-0.0008898908400569523,-0.020256552233296372,-0.001810103886515875
-0.0004350577440278468,-0.0006684068976427787,-0.0012247534672783769,0.0,-0.0008938459104572002,-0.0004930654432315568,-0.003737541528239196,0.0003651848336233694,-0.000895164267257292,-0.009237726098191196,-0.0027131782945736746
0.000261034646416699,0.004678848283499444,0.0027988714865791217,7.646469440489478e-05,-0.0008898908400569468,-5.5370985603550414e-05,-0.0019234825713231067,0.0012959447344829326,-0.0013658176448874137,-0.021876812740600066,-0.002933343880187754
-0.0003070572838014721,0.001845819370736312,0.0035781402060471737,0.00014118402822721734,-0.0013722895782696377,-0.0023847876007344407,-0.005293082701720569,0.0011325883418906628,-0.001028198453447627,-0.012544045102184605,-0.003701826044018759
-0.00046801666402995464,0.0008872541264567812,0.0003546379792226896,0.0,0.00012919896640827008,0.00046274323682961115,-0.0006486315456415171,0.0010770975056689281,-0.0004218741760270024,-0.019248009281231823,-0.002057954964931736
0.0002583979328165307,0.00040341718082581487,0.0005326161472340888,3.955070400255796e-06,-0.001956441491325203,-0.0032932552866107587,-0.0024640088593576963,0.0011311501344723883,-0.0005603016400358592,-0.011664820967146515,-0.0023242630385487927
0.00046993427392097935,0.00024713197470672315,-0.0008194186765615295,-0.004146951239974484,-0.00011937121571672994,-0.0003105329517289675,-0.0017659988590221138,0.0008021601875422429,-0.0005807960957462645,-0.011536341104447385,-0.002173371110248217
0.00020039023361281897,-0.00034145441122185506,-0.0006288561936402448,0.0,-0.00111664820967146,-0.0022702104097452867,-0.0025510204081632642,0.0007488266624479182,3.559563360227647e-05,-0.01223303274798288,-0.0017771449665137731
0.000478563518430622,0.00029003849601855837,0.00022939408321468051,0.0,-0.0005866687760375461,-0.0020223593313294275,-0.0017586879713125537,0.001096872857670193,-0.0010995095712703633,-0.01382824447608497,-0.002732953646574939
0.0005563465696355967,0.0015767547329009067,0.0013460422928861409,4.218741760270283e-05,1.318356800084252e-05,-0.000540526288034595,-0.002197700785740651,0.0014436006960923836,-0.0009281231872593999,-0.017680483045931505,-0.003564836787428166
0.0006051257712387221,0.003907609555450083,0.0016795865633074867,6.987291040447236e-05,-3.427727680219482e-05,-0.002061910035331962,-0.004020988240257341,0.0016729947793070635,-0.0009215314032589777,-0.017731898961134803,-0.0030981384801982946
0.00039418868322521893,-0.0011034646416706229,-0.003879924062648294,0.0,4.350577440278491e-05,-0.00046010652322944843,0.0003875968992247951,0.0005233876496334902,-0.0008173812160523148,-0.012587670727205576,-0.0024336866529557806
-0.0002727800069992756,0.0003916718202432442,0.0003969452474435839,6.71163461861642e-06,-0.0015410392486804318,-0.00042043596860872755,-0.0008831792054383417,0.0021015805899526722,0.0008557334138729461,-0.020281481161879795,-0.000287281931800238
0.0004891103728312958,0.0008516584928545014,0.0007409165216474153,1.713863840109951e-05,-0.00012656225280809768,-0.00021357380161367244,-0.0032497495122079762,0.0016492643569055415,-0.001298581448083104,-0.016167009439434648,-0.0026261667457681027
-0.0003559563360227857,-0.00027685492801771654,-0.00023994093761535697,0.0,-0.0005695301376364454,-0.002874017824183933,-0.003551653219427303,0.0006815904656436202,-0.0011667457680746708,-0.008839582344565715,-0.002740863787375439
0.00045746980962927053,0.0003546379792226916,0.000112060328007168,9.22849760059124e-06,-0.000784422296050199,-0.0022530717713441896,-0.004088224437061641,0.0014264620576912872,-0.0005207509360333262,-0.012281811949586005,-0.002365132099351394
0.0005128407952328109,0.0006684068976427728,0.00043901281442809405,9.228497600592176e-06,1.5820281601014806e-05,-2.636713600169147e-05,-0.0020289511153298513,0.0013051732320835225,-0.0019353477825238589,-0.01550255761219212,-0.003390813689817033
0.00035200126562251845,0.00022148394241417192,-0.00015688445921004286,0.0,-4.4824131202866e-05,-0.000722459526446237,-0.00195512313452513,0.001023044876865468,-0.0017929652481147452,-0.013531614196065982,-0.0033262142066129013
-0.00034840574707684845,-0.00164830555196003,-0.001761684236767286,5.237472014881144e-05,-0.0016140282751578362,-0.0011644686063290693,-0.006354839328261245,0.0019428983714697905,0.0009501757010062583,-0.009874851984486514,-0.0001124198798617762
0.00045351473922902415,0.0011285134208722184,0.00037968675842429435,9.228497600595293e-06,0.00028872013921847915,0.00024389600801560772,0.000391551969625049,0.0015662078785002216,-0.0010889627168696894,-0.02125322997416015,-0.0020526815377313948
0.0005207509360333202,0.000581395348837203,0.000566893424036278,1.1865211200760459e-05,-0.00037836840162421237,-0.0020355428993302704,-0.0018641565153193055,0.001255075673680319,-0.00043505774402784577,-0.015447186626588574,-0.0027092232241734196
0.0007918530343779406,-0.007393824337345931,-0.007128834620528968,-0.011402947366402499,0.0009975166951911156,0.0026507361224969196,0.007822649849227918,-0.004631866841169165,0.0016408748136322862,-0.0046318668411691345,0.0013521546744137691
0.0003032220640194001,0.001566207878500228,0.0012722143120814126,2.3730422401524336e-05,7.382798080472918e-05,0.000280809998417968,-0.000445604598428523,0.0015556610240995512,-0.001497653324895847,-0.020761482887728687,-0.0023044876865475038
0.0006443169233866832,0.002029909920275363,0.001105741803416215,-0.004747762388958385,-0.00011901166386216103,0.0005098445297780774,-0.0003273120382754973,0.0015421179042441426,-0.0013411284175403762,-0.01714954480735207,-0.0020807265823877402
0.0004350577440278343,-0.0014396456256921342,-0.0016136687233032647,0.0,-0.0002083003744133267,-0.00191952750092285,-0.0016439909297052133,0.0007211411696461457,-0.00012524389600801795,-0.012043189368770732,-0.002096187312134186
0.00045351473922902025,0.0016492643569055484,0.0012221167536782091,4.3505774402790995e-05,0.00027553657121763396,0.00035068290882243484,-0.0016901334177081694,0.0016980435585086649,-0.0008305647840531577,-0.02060064335811839,-0.0025048779201603324
-0.0002858437243819341,3.979040523891059e-05,0.0008743102596923159,2.001505323764946e-05,-0.0011704611372385385,-0.0034670386829855205,-0.004818354403072002,-0.00024365630677923136,-0.0008672390732191384,-0.007414198942438133,-0.002600878265330127
0.01006541446740784,-0.19889281998916614,-0.04371299612163415,0.0030899886381613897,0.018840397328769524,0.02987504374547578,0.06009705503061014,-0.046592287373018335,0.016000656781387772,0.09299401226311545,0.03830198041161501
-0.0003572746928228674,-0.00041660074882666153,-0.00027553657121763195,0.0,-0.000518114222433157,-0.0038799240626483066,-0.0022992142593471474,0.0007053208880451366,-0.0005550282128355229,-0.00990085956863363,-0.0024363233665559633
0.00025707957601644424,0.0009742656752623492,0.0013091283024837773,1.1865211200761204e-05,-0.0022148394241417392,-0.0032708432210093257,-0.002581342614565206,0.0013473606496862264,-0.0004891103728313045,-0.012790697674418568,-0.002486420924959161
-0.0003482858964586558,-7.011261164085156e-05,0.0025718744157282258,0.00015137133077332529,-0.0015545823685358493,-0.005133921080764925,-0.006408772106446515,0.0012034200572406545,-0.0014913012421318053,-0.007248565388100255,-0.0016046799269390961
0.01853777451784068,-0.0083303370678788,-0.036536580805684366,0.011798334555809135,0.04416663071148085,0.1114608352149887,0.1973636459516868,0.020697242956379074,0.049134199134198774,0.49922912082380627,0.07254557919009719
-0.00028344671201814726,0.00016874967041080046,0.0001621578864103757,0.0,-0.00032431577282075356,-0.002558930548963766,-0.004446817486684587,0.0007356430944470732,-0.0006130359120392346,-0.010117070083847468,-0.0026564889521700392
0.00028344671201813295,0.0004825185888308782,0.0012115698992775363,2.768549280177251e-05,-0.0005181142224331541,-0.00370062753783683,-0.0037586352370405493,0.001244528819279646,-0.00173363919211095,-0.010450614354268816,-0.003021673785793412
0.0005273427200337454,0.004554922744291514,0.0023638137425512798,0.00010151347360649701,0.00046010652322944507,0.0002728998576174597,0.00041132732162631755,0.0013829562832884971,-0.0005378895744344312,-0.027456098718557132,-0.002014449190528938
-0.00038627854242472606,0.0037138111058376833,0.0026327585297684936,5.0097558403207955e-05,0.00020302694721298996,0.0003401360544217612,-0.001091599430469871,0.0010691873648684194,-0.001154880556873916,-0.02126245847176075,-0.00404735537625904
-0.0005380094250526182,0.0006023692070203674,0.0006920174694261046,7.790290182320821e-06,-0.0006052456218569123,-0.0006830286730618986,-0.003135172321218827,0.0010611573734497254,-0.0013197950075026438,-0.013373531230674056,-0.0026421068779873096
-0.0004101288154444342,0.000566773573418087,0.0005931407094197732,3.835219782065705e-06,-0.0005630582042542114,-0.00014382074182739125,-0.0031694495980210233,0.0009464603318423857,-0.0016124702171213742,-0.013738716064297423,-0.0024061210107721998
0.0005075673680324746,0.0009979960976638678,0.0012010230448768595,2.636713600169016e-05,-0.0010322733744660595,-0.0024442335073564265,-0.0017745082529135705,0.0012722143120814137,-0.0012313452512788022,-0.01435954226651897,-0.0030968201233982223
0.00048383694563095583,0.001902388862521751,0.002108052523334908,2.373042240151711e-05,-0.0005418446448346777,-0.0009452618256604996,-0.0020698201761324684,0.0013961398512893474,-0.0016611295681063128,-0.01683541633707742,-0.003794230870642845
0.0002794916416178796,0.0034382745346200503,0.00225834519854453,4.218741760270071e-05,-8.041976480514583e-05,-0.00044428624162844117,-0.0020342245425301942,0.0009821758160628497,-0.0016690397089068182,-0.019298106839635034,-0.0034079523282181216
1.018730254609785e-05,0.005478731309296093,0.00600343731572967,0.00014597805295479748,-0.0003286303950755815,-0.0023088023088023097,-0.0032606559184632346,0.001419510721836295,-0.0013200347087390255,-0.021204810324411606,-0.004568465864146944
-0.0010498914153399118,0.005237352164262462,0.00645155877714017,0.0009579659911885912,-0.004908721769186867,-0.018928127981284126,-0.027461851548230273,0.004911718034641618,0.004332959399404581,0.007150287881184889,0.003373195648943124
-0.00038496018562464093,-0.00044824131202868706,-0.0002728998576174655,0.0,0.00011469704160734263,-0.002338764963349677,-4.614248800296265e-05,0.0007804672256499417,-0.001077097505668931,-0.013625217528871974,-0.002635395243368692
-0.00030070520103743015,-0.0022136409179598486,-0.0018932802155393438,-0.004776526537323864,-0.0005010954346502485,0.00030705728380146357,-0.00038508003624283246,0.0006353281270224744,-0.0004945036506498298,-0.008867387687985673,-0.0014437205467106133
0.00035727469282286015,0.003345989558614139,0.0025997996097663826,5.009755840320912e-05,-0.0005945789168380504,-0.00012524389600801738,-0.003521331013025367,0.001491061540895417,-0.0015253388176976238,-0.01920054843642879,-0.0028107366977799045
0.0004746084480303695,-2.6367136001729094e-06,0.00012392553920792925,0.0,-0.00036782154722353645,-0.00040869060802615917,-0.0029003849601856196,0.0011298317776723013,-0.0009241681168591455,-0.014644307335337196,-0.002413911300954516
-0.00048251858883088637,0.0002478510784158606,-0.0009769023888625199,0.0,-0.00036518483362336723,-0.0014923798976955128,-0.00420028476506881,0.0008015609344512936,-0.0002544428624162865,-0.01065100458788164,-0.0025602489057638816
-0.00032036070242050815,-0.00048383694563096613,-0.00044164952802826327,0.0,-0.0013592258608869842,-0.0025246532721615745,-0.003543743078626795,0.0008226546432526491,-0.0007936507936507915,-0.008749934082159978,-0.002539155196962538
-0.0005405262880345974,0.0003744133312239604,0.0003704582608237043,0.0,-0.0005431630016347585,-0.0015253388176976195,-0.004121183357063749,0.0008226546432526461,-0.0012128882560776223,-0.011100564256710407,-0.002457417075357307
0.0004798818752307037,0.0009703106048620957,0.0014053683488899381,2.2412065601435303e-05,-0.0007778305120497762,-0.0022992142593471444,-0.003152191109001737,0.001338132152085636,-0.0009228497600590625,-0.013804514053683456,-0.00319306016980438
0.0004034171808258109,-0.0006275378368401632,-0.0006908189632442078,0.0,-4.4824131202865355e-05,-0.002487739281759211,-0.0023717238833517885,0.0013012181616832731,-0.0013921847808890991,-0.010686600221483914,-0.00333676106101358
0.0004587881664293543,-0.0002821283552180573,-0.00021752887201392126,0.0,-0.00010283183040657524,-0.00341981753941886,-0.004071085798660544,0.001409323419290193,-0.00013974582080894676,-0.01108606233190948,-0.0024824658545589094
0.0003981437536254755,0.0007092759584453914,0.0012445288192796428,2.6367136001692035e-05,-0.0002544428624162799,-0.0020619100353319593,-0.002032906185730105,0.0021462848705373506,-0.0007580551600485172,-0.017357485629910834,-0.001993355481727601
0.0002570795760164487,0.0008951642672572887,0.0013315403680852175,1.713863840109571e-05,-0.001148288772873485,-0.003969572325054044,-0.005185097294731838,0.0013790012128882497,-0.0004495596688287742,-0.01055344618467539,-0.002507514633760515
0.00031376891842007406,0.0007158677424458131,0.0008358382112534893,9.22849760059046e-06,-0.0010599588672678282,-0.0032958920002109297,-0.0049939355587196015,0.0009689922480620116,-0.0006235827664399118,-0.010272636186257426,-0.002531245056162028
0.00045483309602910294,0.0017942836049148296,0.002185835574539889,4.614248800295604e-05,-0.0003019037072193223,-0.0008147445024521457,-0.0020816853873332265,0.0012379370352792222,-0.0005616199968359453,-0.018416126140378585,-0.003476506881822522
-0.0002768549280177209,0.0006051257712387292,0.00239281759215313,8.569319200548433e-05,-0.0003599114064230305,-0.0038087327954437534,-0.006453356536413002,0.0014818330432948353,-0.0009518536096609224,-0.009796709381426965,-0.0028516057585825302
0.0002769747786359031,-0.0058850249049584484,-0.005757144295350258,2.2531916219626137e-05,0.0007990440714693222,0.00013459224422679314,0.0014555857579113302,-0.003326094355994681,0.00032970905063928207,-0.00761602738346923,-0.00036770169660538254
0.0003493645520223516,0.003984074249854979,0.0016703580657069005,3.164056320202622e-05,0.0001542477456098714,0.0011904761904761871,0.0019775352001265498,0.0010296366608658909,-0.0014356905552918887,-0.027053999894531403,-0.0018311975953172119
-0.00038004631027887246,0.003969212773199483,0.002491334800304892,6.819500174982195e-05,-0.001115689404725945,-0.0008348794063079798,-0.005205232198587676,0.00033186636176668984,-0.001602163063957085,-0.014218837640764514,-0.00343731572967456
-0.0002935141639460621,0.003309554970684539,0.0025514998106360154,7.035231287723037e-05,-0.001378521810415496,-0.003377150719343406,-0.004716601228229131,0.00084554611132684,-0.0013389711064129696,-0.0122259615615097,-0.0033797874329436067
-0.0003555967841682174,0.004896736707367934,0.003670664883289457,8.341603025988686e-05,-0.0014999304866414424,-0.000788017814595889,-0.004137962443610286,0.0009073890303126136,-0.0017227327858557082,-0.017548287814068506,-0.003439233339565591
-0.000456271303447386,0.0023544653943325,0.0015647696710819582,3.811249658426149e-05,-9.108646982401147e-05,-0.0002637912106350683,-0.0009163778266768343,0.0010242433830473655,-0.0007476281562660322,-0.01876692889981922,-0.003673061895653279
-0.0007066392448452257,0.0008147445024521367,0.0011087380688709519,1.4501924800928993e-05,0.00012919896640826815,0.00017270474081104844,-0.001989400411327321,0.0010665506512682527,-0.0017217739809101873,-0.015441913199388237,-0.0033802668354163644
0.00038100511522437796,0.002636713600168745,0.0025075146337604722,3.295892000211059e-05,-0.0017362759057111207,-0.0026709908769709436,-0.0032774350050097517,0.0013631809312872377,-0.0010955545008701137,-0.014846015925750102,-0.0032286558034066576
-0.0002962707281644217,0.0024973273312143686,0.0013437651311405425,-0.0035156980339704474,-0.0022672141442905483,-0.002886841840330209,-0.003717406624383367,0.000426188798281823,-0.001539481190643983,-0.0076171060390329325,-0.0023608174770965717
-0.0006512682592416824,0.004804092179507457,0.0028080999841797127,0.00012524389600801874,-4.350577440278596e-05,-0.0006367663344407584,-0.004653799504297842,0.0008687971312555949,-0.0016215788641037795,-0.01751305173232079,-0.0034198175394188936
-0.0001661129568106321,0.0030533143489954104,0.0026934029425723697,5.009755840320874e-05,-0.0011100564256710413,-0.0029570743025892506,-0.004825185888308808,0.0007343247376469926,-0.001509518536096608,-0.013155882508041944,-0.0027408637873754457
0.00046669830722986366,0.001202341401676945,0.0015807098033011574,1.7138638401097327e-05,-0.0009136212624584685,-0.0030295839265938916,-0.004188419553868058,0.001554342667299473,-0.0010296366608658948,-0.012530981384801947,-0.003062542846596024
-0.00047317024061210367,0.0037693019420594162,0.003061344340414104,7.790290182317133e-05,-0.000839673431035557,-0.00041384418460831005,-0.002135618165518506,0.0006790736026616363,-0.0010822510822510864,-0.01865067380017541,-0.003925946700033097
0.0007936507936507824,0.005269472129937245,0.002645942097769336,0.00011337868480726153,9.75584032062451e-05,0.0005260243632336612,-0.0005787586352370508,0.0012537573168802342,-0.0018074671729156836,-0.025734324737646946,-0.0025127880609608286
-0.00041372433399012074,0.003905212543086294,0.0026923242870086645,7.406768204110626e-05,-7.35882795683477e-05,-0.0015132339052604839,-0.003721481545401807,0.0009639585220980494,-0.001001711466827748,-0.017380976351075973,-0.00346440196938538
0.00034145441122184503,0.006503454094816217,0.002972894584190262,0.00014238253440911503,0.00043242103042767416,0.0001555661024099534,-0.002371723883351799,0.0012629858144808223,-6.9872910404479e-05,-0.02554184464483462,-0.0037612719506407363
-0.0004361363995915522,0.002097745370170614,0.002008097107764871,-0.0040431606046223865,-0.0012970233900466421,-0.0022000977981044426,-0.004665425014262215,0.0010153744373013439,-0.0007709990268129798,-0.009730551840186365,-0.0019113776588859932
-0.0008213362864525708,0.004181827769867632,0.0027237251489743127,9.887676000633137e-05,-6.459948320413363e-05,0.0004297843168275005,-0.002421821441755,0.0015345673152982017,-0.0009004376944576309,-0.021352106734166484,-0.0033420344882139075
-0.00038759689922480945,0.0030625428465959974,0.0025431102673627525,6.064441280388303e-05,-0.0010283183040658073,-0.0004482413120286886,-0.005254970205136314,0.000936033328059902,-0.0005523914992353569,-0.01581764488741229,-0.0030467225649950143
-6.41200807313814e-05,0.0015904177033745118,0.0032093598538781203,9.671944887892079e-05,-0.001224274064805619,-0.003878126303375466,-0.0064027795755370424,0.0015666872809729883,-0.0014866270680224177,-0.010500232510199261,-0.0028405795017091007
0.0003506829088224391,0.0010349100880662284,-0.0002175288720139203,0.0,-0.0010428202288667318,-0.0004864736592311358,-0.004441544059484253,0.0010217265200653835,-0.00021752887201392646,-0.013626535885672064,-0.002308442756947769
0.00048251858883087054,0.002208247640141325,0.002196382428940561,3.6913990402364975e-05,-0.00019116173601223092,-0.0019775352001265645,-0.003406633971418021,0.0015108368928966858,-0.0008806623424563626,-0.017137320044296744,-0.0027751410641776303
-0.0003216790592205914,0.003044085851394822,0.00316669303380266,9.228497600590579e-05,-0.0009083478352581335,-0.0020605916785318796,-0.005269472129937246,0.0009571270368612545,-0.0014119601328903644,-0.013534250909666154,-0.003687443969836019
0.0002636713600168725,0.007936507936507934,0.0018892052945209024,0.00023071244001476762,0.00020566366081315823,0.0014989716816959284,0.0028621526129831622,0.00029267520961872255,-0.0008239730000527423,-0.032302378315667284,-0.0019867636977271667
0.0003058587776195666,0.004200284765068813,0.002511469704160727,4.877920160312241e-05,-0.0016848599905078235,-0.001164109054474505,-0.0018786584401202394,0.0009268048304593101,-0.0033960871170173428,-0.01665084638506561,-0.003152191109001768
-0.0004583087639566076,0.00046981442330279135,0.000951014655333588,-0.00343515841854711,-0.0007483472599751599,-0.002284232932073461,-0.003573585882555978,0.0006346090233133397,-0.0013481996040135562,-0.007849016985229594,-0.0022921430728739985
0.00044955966882876313,0.0008991193376575398,0.0011654274112745842,2.373042240151892e-05,-0.0010375468016663994,-0.0034936455202235904,-0.0029109318145862963,0.000984812529663025,-0.0011245583504719717,-0.01189025997996094,-0.0029992617201919786
-0.0006622945161151165,0.004191895221795546,0.0014497130776200517,-0.006424832089283897,0.00018409054953905451,0.0005716874487638559,0.0013798401672155726,0.000454353693556347,-0.0009628798665343542,-0.01859853878126299,-0.0015165897225698152
-0.00024533421543388584,0.00045603160221100326,0.0006010508502202832,7.790290182319737e-06,-0.0007898155738687245,-0.0028293135435992537,-0.005023059258939651,0.0009886477494450883,-0.0017416691835296485,-0.009054594353597656,-0.0023032891803656252
0.000526024363233659,-0.001036228444866314,-0.003894425987449227,0.0,-4.218741760269757e-05,0.00042451088962716313,-0.0003546379792227006,0.0008411116384538232,-0.00036650319042345956,-0.014256710436112392,-0.0017745082529136008
-0.00045603160221101036,0.00032839069383919597,0.0006869837434621457,1.8576845819374985e-05,-0.00038352197820636173,-0.0030030969399740116,-0.004346502519259987,0.0005749234154549752,-0.001240453898261205,-0.009183553618769543,-0.002929268959169319
-0.0006341296208405899,0.0032286558034066333,0.002790961345778614,7.119126720455991e-05,-0.0001740230976111378,0.0001450192480092752,-0.003856193640246795,0.0008266097136528962,-0.001088962716869698,-0.01783209407794121,-0.003410589041818294
4.794024727579344e-05,0.0021414908458097792,0.002732114692247575,2.1573111274111248e-05,-0.0010014717655913632,-0.003607863159358173,-0.006210299482724721,0.001222596156150969,-0.001369293312814908,-0.011118541849438833,-0.0027918003001059753
